http://www.mariowiki.com/images/thumb/7/7e/Bowser_-_Mario_Party_10.png/250px-Bowser_-_Mario_Party_10.png,bowser
http://blogs-images.forbes.com/erikkain/files/2015/05/Bowser-e1432132174670-1940x1090.png,bowser
http://www.mariowiki.com/images/thumb/7/71/Yoshibowser.png/200px-Yoshibowser.png,bowser
http://vignette2.wikia.nocookie.net/villains/images/7/71/Bowser.png/revision/latest?cb=20131030220015,bowser
http://www.mariowiki.com/images/thumb/c/c5/BowserMP8.png/180px-BowserMP8.png,bowser
http://vignette3.wikia.nocookie.net/fantendo/images/d/d1/Character-bowser.png/revision/latest?cb=20150321152800,bowser
http://www.mariowiki.com/images/thumb/9/94/Mario_Party_10_Bowser.png/260px-Mario_Party_10_Bowser.png,bowser
http://www.smashbros.com/images/og/koopa.jpg,bowser
http://www.mariowiki.com/images/b/b7/BowserNSMBU.png,bowser
http://vignette1.wikia.nocookie.net/ssb/images/a/ad/Bowser_(NSMB2).png/revision/latest?cb=20130617011603,bowser
http://www.mariowiki.com/images/thumb/8/80/Brownplanet-bowser.jpg/200px-Brownplanet-bowser.jpg,bowser
http://vignette2.wikia.nocookie.net/fantendo/images/b/bd/Bowser_New_3DS.png/revision/latest?cb=20141215123636,bowser
http://ecx.images-amazon.com/images/I/71hO3oFFsdL._SX425_.jpg,bowser
http://vignette2.wikia.nocookie.net/mugen/images/f/f6/Bowser_SL-SC.png/revision/latest?cb=20150909222911,bowser
http://pre05.deviantart.net/2875/th/pre/f/2009/099/d/3/bowser_by_grumpyturtle.jpg,bowser
http://vignette3.wikia.nocookie.net/villainstournament/images/6/62/Bowser.jpg/revision/latest?cb=20131112020711,bowser
http://static1.gamespot.com/uploads/original/43/434805/2869293-8505305345-latest,bowser
http://orig01.deviantart.net/451a/f/2015/025/9/5/peach_and_bowser_by_bloodnspice-d8fd0cz.png,bowser
http://ih0.redbubble.net/image.42442771.6244/flat,800x800,070,f.u1.jpg,bowser
http://news.toyark.com/wp-content/uploads/sites/4/2015/10/SH-Figuarts-Super-Mario-Bowser-001.jpg,bowser
http://pre11.deviantart.net/6e0d/th/pre/i/2015/169/2/5/skylanders_bowser_by_t_bone_0-d8xssmq.jpg,bowser
http://news.toyark.com/wp-content/uploads/sites/4/2015/10/SH-Figuarts-Super-Mario-Bowser-001.jpg,bowser
http://vignette2.wikia.nocookie.net/sonic/images/7/71/Bowser.png/revision/latest?cb=20131004231034,bowser
http://news.toyark.com/wp-content/uploads/sites/4/2015/10/SH-Figuarts-Super-Mario-Bowser-003.jpg,bowser
http://www.mariowiki.com/images/thumb/c/cf/Smrpg_bowser.gif/200px-Smrpg_bowser.gif,bowser
http://vignette3.wikia.nocookie.net/villainstournament/images/6/62/Bowser.jpg/revision/latest?cb=20131112020711,bowser
http://cdn.bgr.com/2015/05/bowser_sm3dl.png,bowser
http://vignette4.wikia.nocookie.net/deathbattlefanon/images/a/a8/SSB4_-_Bowser_Artwork.png/revision/latest?cb=20140720010558,bowser
http://vignette3.wikia.nocookie.net/ssb/images/9/9c/Bowser_Pallette_07.jpg/revision/latest?cb=20141112200720,bowser
http://orig09.deviantart.net/fb71/f/2015/070/1/0/bowser_jr__by_drmeowsalot-d8ldb9w.png,bowser
http://vignette3.wikia.nocookie.net/marioluigi/images/6/62/Bowser.jpg/revision/latest?cb=20090712011654,bowser
http://vignette2.wikia.nocookie.net/fantendo/images/a/ab/Bowser_NSMBVR.png/revision/latest?cb=20100617025354,bowser
http://vignette4.wikia.nocookie.net/mario/images/6/69/Bowser_mariogolf.png/revision/latest?cb=20131204023503,bowser
http://www.mariowiki.com/images/thumb/c/c2/Bowser_Peach_Airship_-_Super_Mario_3D_Land.png/200px-Bowser_Peach_Airship_-_Super_Mario_3D_Land.png,bowser
http://www.bowsershrine.com/Images/Media/Renders/ssb4bowser.png,bowser
http://vignette3.wikia.nocookie.net/villains/images/a/a0/Dry_Bowser_LS.jpg/revision/latest?cb=20150708055813,bowser
http://img01.deviantart.net/8eb0/i/2015/266/1/5/bowser__please__by_freakova-d9aobm4.png,bowser
https://nyoobserver.files.wordpress.com/2015/05/bowser_3d_by_philbot.jpg?w=635&quality=80&h=476,bowser
http://vignette2.wikia.nocookie.net/monster/images/0/0a/BowzerPartyDS.png/revision/latest?cb=20130426205353,bowser
http://news.toyark.com/wp-content/uploads/sites/4/2015/10/SH-Figuarts-Super-Mario-Bowser-002.jpg,bowser
http://vignette1.wikia.nocookie.net/fantendo/images/7/75/Bowser_HUGE.png/revision/latest?cb=20120629223658,bowser
http://vignette2.wikia.nocookie.net/villains/images/6/66/Bowser_SMG.jpg/revision/latest?cb=20110523221131,bowser
http://www.mariowiki.com/images/thumb/9/95/MPA_Bowser.png/180px-MPA_Bowser.png,bowser
http://orig10.deviantart.net/34e9/f/2014/230/e/0/bowser_vs_old_bowser_by_terryred-d7vqy0v.png,bowser
http://www.mariowiki.com/images/thumb/6/69/Bowser_Jr_-_Super_Smash_Bros._for_Nintendo_3DS_and_Wii_U.png/220px-Bowser_Jr_-_Super_Smash_Bros._for_Nintendo_3DS_and_Wii_U.png,bowser
http://vignette1.wikia.nocookie.net/nintendo/images/c/c1/MTO_Bowser.png/revision/latest?cb=20120504070743&path-prefix=en,bowser
http://www.ssbwiki.com/images/thumb/b/bd/Bowser_(Lost_Levels).png/200px-Bowser_(Lost_Levels).png,bowser
http://www.bhphotovideo.com/images/images1000x1000/nintendo_nvlcaaaw_bowser_amiibo_figure_wii_1105068.jpg,bowser
http://g02.a.alicdn.com/kf/HTB1DURzIFXXXXcpXFXXq6xXFXXXi/5pcs-Super-Mario-font-b-Bowser-b-font-font-b-Plush-b-font-font-b-Toys.jpg,bowser
https://i.ytimg.com/vi/hbrhlnecUPo/maxresdefault.jpg,bowser
http://static.comicvine.com/uploads/original/11114/111144314/4118822-20131029024433!bowser.png,bowser
http://www.mariowiki.com/images/thumb/6/65/MK3D_Bowser.PNG/200px-MK3D_Bowser.PNG,bowser
http://vignette3.wikia.nocookie.net/fantendo/images/4/47/Bowser.PNG/revision/20110329063520,bowser
http://static.comicvine.com/uploads/original/11121/111217887/4386486-bowser.jpg,bowser
http://www.mariowiki.com/images/thumb/0/02/Babybowser.png/200px-Babybowser.png,bowser
http://vignette3.wikia.nocookie.net/mario/images/c/c9/Bowser_(Mario_Golf_World_Tour).png/revision/latest?cb=20140505192249,bowser
http://vignette4.wikia.nocookie.net/nintendo/images/3/3f/Bowser_and_Paper_Bowser_-_Paper_Jam.jpg/revision/latest?cb=20151120185753&path-prefix=en,bowser
http://ecx.images-amazon.com/images/I/613RXTgalML._SL1207_.jpg,bowser
http://vignette3.wikia.nocookie.net/mariopartyeight/images/c/c5/BowserMP8.png/revision/latest?cb=20110814084855,bowser
http://orig15.deviantart.net/a243/f/2014/009/9/8/bowser_artwork___mario_party_island_tour_by_drybowjap-d71jt8r.png,bowser
http://www.mariowiki.com/images/thumb/8/80/Brownplanet-bowser.jpg/200px-Brownplanet-bowser.jpg,bowser
http://vignette1.wikia.nocookie.net/mario/images/d/dc/False_Bowser_SM3DL-2.png/revision/latest?cb=20111027224222,bowser
http://vignette3.wikia.nocookie.net/villains/images/b/b1/Bowser_(SSB4).jpg/revision/latest?cb=20140919221050,bowser
http://static.giantbomb.com/uploads/original/0/3830/2111407-bowserjr_mp9.png,bowser
http://vignette3.wikia.nocookie.net/vsbattles/images/6/62/Bowser.jpg/revision/latest?cb=20150316213054,bowser
http://vignette1.wikia.nocookie.net/marioandluigiultimateadventures/images/8/80/Art_bowser_1.png/revision/latest?cb=20111208213507,bowser
https://i.ytimg.com/vi/7OsnlA8OHI0/maxresdefault.jpg,bowser
http://orig01.deviantart.net/37f1/f/2014/278/1/2/the_floatacious_bowser_by_blimpfurry-d81qh2c.png,bowser
http://img10.deviantart.net/ded9/i/2014/217/3/3/fanart___bowser_by_ben_ben-d7tswji.jpg,bowser
http://orig01.deviantart.net/55c5/f/2014/335/1/9/cute_bowser_copy_by_silverfox5213-d88bxe5.jpg,bowser
http://41.media.tumblr.com/eaef12c0aff86b930706e350833ed12d/tumblr_njaxxa3kpJ1s0sbwjo1_r1_1280.png,bowser
https://s-media-cache-ak0.pinimg.com/736x/06/94/50/069450067139628fbeb5fd1009154267.jpg,bowser
http://img10.deviantart.net/082f/i/2012/329/b/5/bowser___art_v_2_by_tails19950-d5m54xw.png,bowser
http://vignette2.wikia.nocookie.net/spritechronicles/images/7/71/Bowser.png/revision/latest?cb=20101012033345,bowser
http://www.easydrawingtutorials.com/images/Bowser/bowser-step-last.jpg,bowser
http://ecx.images-amazon.com/images/I/41peVa2tJdL._SY300_.jpg,bowser
http://img06.deviantart.net/1e6f/i/2015/214/2/9/__dry_bowser___by_6gonzalocortez4-d93torv.png,bowser
http://vignette4.wikia.nocookie.net/mario/images/a/a7/Bowser_Super_Mario_Galaxy_2.png/revision/latest?cb=20101231170457,bowser
https://i.imgur.com/7uneZc8.png,bowser
http://static.giantbomb.com/uploads/scale_small/0/6393/398907-5554bowser_070704bl.jpg,bowser
http://vignette1.wikia.nocookie.net/ssb/images/4/49/Bowser_Skylanders_Superchargers.jpg/revision/latest?cb=20150626174327,bowser
http://vignette4.wikia.nocookie.net/fantendo/images/7/76/Bowser_SHMW.png/revision/latest?cb=20110828221907,bowser
http://vignette1.wikia.nocookie.net/villains/images/7/70/Classic_bowser.jpg/revision/latest?cb=20150503004202,bowser
https://cdn2.vox-cdn.com/thumbor/KVoa9YdmOVnJ3kYmB21uxonQA5c=/0x180:3000x1868/1600x900/cdn0.vox-cdn.com/uploads/chorus_image/image/46363980/SSB4_-_Bowser_Artwork.0.0.png,bowser
http://orig11.deviantart.net/d30f/f/2014/352/6/c/bowser__smash_bros___by_hologramzx-d8aalh0.png,bowser
http://img13.deviantart.net/b75d/i/2015/197/f/6/commish__bowser_vore_by_pheonixbirdoffire46-d91ijwf.png,bowser
http://img04.deviantart.net/4f09/i/2011/323/c/5/bowser_by_yoshigo99-d4gowjg.png,bowser
http://kuroganehammer.com/Smash4/logo2/Bowser.png,bowser
https://secure.static.tumblr.com/2a1fdb299d6182ed6bbe21880184030e/eavmdpx/YgKmtqptp/tumblr_static_0cad8523115d28cec828ea4c38d6976c.jpg,bowser
http://vignette2.wikia.nocookie.net/ssb/images/1/1a/Bowsermeleeclear.png/revision/latest?cb=20140227052555,bowser
http://www.disguise.com/media/catalog/product/cache/1/image/650x/602f0fa2c1f0d1ba5e241f914e856ff9/8/5/85235.jpg,bowser
http://g04.a.alicdn.com/kf/HTB1689.IXXXXXaOXXXXq6xXFXXX2/50pcs-Super-Mario-font-b-Bowser-b-font-font-b-Plush-b-font-font-b-Toys.jpg,bowser
https://i.ytimg.com/vi/wg8FaSr9808/maxresdefault.jpg,bowser
http://i2.wp.com/farm9.staticflickr.com/8503/8279862117_4c6d7cd9bf.jpg?resize=500%2C334,bowser
http://images.buycostumes.com/mgen/merchandiser/super-mario-bros-bowser-costume-kit-for-adults-bc-808883.jpg?zm=1600,1600,1,0,0,bowser
http://orig11.deviantart.net/431b/f/2014/022/a/b/cat_bowser_by_xnir0x-d738agw.png,bowser
http://images.buycostumes.com/mgen/merchandiser/super-mario-bros-kids-deluxe-bowser-costume-bc-808889.jpg?zm=1600,1600,1,0,0,bowser
http://www.mariowiki.com/images/f/f3/Bowser-StageClear-TetrisAttack.png,bowser
http://img02.deviantart.net/b871/i/2013/175/d/7/king_bowser_by_m_thirteen-d6adl62.jpg,bowser
https://i.ytimg.com/vi/pbMAnW9lyYk/maxresdefault.jpg,bowser
