http://www.mariowiki.com/images/thumb/4/4d/Yoshi_-_Mario_Party_10.png/150px-Yoshi_-_Mario_Party_10.png,yoshi
http://vignette2.wikia.nocookie.net/nintendo/images/4/48/Yoshi.png/revision/latest?cb=20140214234810&path-prefix=en,yoshi
http://www.mariowiki.com/images/thumb/9/93/Yoshi_FS.png/180px-Yoshi_FS.png,yoshi
http://www.smashbros.com/images/og/yoshi.jpg,yoshi
http://vignette2.wikia.nocookie.net/yoshi/images/4/49/MP9_Yoshi.png/revision/latest?cb=20120813013014,yoshi
http://vignette1.wikia.nocookie.net/fantendo/images/3/38/Ground_Pound_Yoshi.png/revision/latest?cb=20120526021911,yoshi
http://blogs-images.forbes.com/olliebarder/files/2015/08/big_yoshi_amiibo.jpg,yoshi
http://pre05.deviantart.net/cefe/th/pre/i/2015/182/e/0/commish__yoshi_vore_by_pheonixbirdoffire46-d8zh14u.png,yoshi
http://vignette3.wikia.nocookie.net/fantendo/images/8/83/Yoshi_Happy_YBA.png/revision/latest?cb=20120526033458,yoshi
https://cdn0.vox-cdn.com/thumbor/2mlBiKvwaLigKaedn4GIHUP1IDY=/0x0:1600x900/1280x720/cdn0.vox-cdn.com/uploads/chorus_image/image/36552114/yoshi_cg.0.0.jpg,yoshi
http://yoshiswoollyworld.nintendo.com/img/home/yoshi_on_poochy.png,yoshi
http://vignette3.wikia.nocookie.net/nintendo/images/5/5d/Yoshi_(Paper_Mario_The_Thousand-Year_Door).png/revision/latest?cb=20140822041327&path-prefix=en,yoshi
http://yoshiswoollyworld.nintendo.com/img/meetyoshi/transformations/carousel_char_mega.png,yoshi
http://www.mariowiki.com/images/5/58/PM2_Yoshi.PNG,yoshi
http://ecx.images-amazon.com/images/I/71PSKbwFSSL._SY355_.jpg,yoshi
http://i.imgur.com/YPJx1Xt.png,yoshi
http://static.giantbomb.com/uploads/original/9/95666/1910448-yoshi_egg_yoshi_render.png,yoshi
http://img01.deviantart.net/0937/i/2015/364/9/7/gluttonous_yoshi_gets_shamed___by_ishimaru_chiaki-d9m456l.jpg,yoshi
http://vignette3.wikia.nocookie.net/scratchpad/images/9/93/Yoshi_FS.png/revision/latest?cb=20130813021758,yoshi
http://vignette2.wikia.nocookie.net/yoshi/images/6/68/Yoshi_Happy.png/revision/latest?cb=20150508143229,yoshi
http://www.mariowiki.com/images/thumb/c/c7/YoshiNSMBW.png/250px-YoshiNSMBW.png,yoshi
http://pre02.deviantart.net/1d99/th/pre/f/2015/340/c/5/shoeless_yoshi_vector_by_charmandrigo_d9cj36p_by_greenyoshi25-d9j7gmi.png,yoshi
http://img13.deviantart.net/19d9/i/2015/283/d/d/another_shoeless_yoshi_vector_by_charmandrigo-d9cocux.png,yoshi
http://www.hebdo.ch/sites/www.hebdo.ch/files/styles/galerie_photo/public/yoshi-male-femelle-mario-nintendo-anita-sarkeesian-yoshi-s-woolly-world.jpg,yoshi
http://vignette3.wikia.nocookie.net/mario/images/d/d8/MPITYoshi.png/revision/latest?cb=20150503091245,yoshi
http://vignette1.wikia.nocookie.net/yoshi/images/4/41/GlowbabyyoshiNSMBU.png/revision/latest?cb=20140428201204,yoshi
http://vignette3.wikia.nocookie.net/fantendo/images/d/d8/Yoshi-gymnasticd-yoshi-31522962-900-1203_(1).png/revision/latest?cb=20140820150551,yoshi
http://vignette2.wikia.nocookie.net/fantendo/images/3/3a/Yoshi_art_YBA.png/revision/latest?cb=20110805210533,yoshi
http://vignette3.wikia.nocookie.net/deathbattlefanon/images/6/6d/Yoshi_by_mintenndo-d63bkdw.png/revision/latest?cb=20150503214446,yoshi
http://i274.photobucket.com/albums/jj259/Fire-Yoshi/Super_Yoshi-Demo.png,yoshi
http://ecx.images-amazon.com/images/I/41utU84wcmL._AC_UL320_SR316,320_.jpg,yoshi
http://vignette1.wikia.nocookie.net/ssb/images/3/3e/Yoshimariopartyislandtour.png/revision/latest?cb=20140512033812,yoshi
http://ecx.images-amazon.com/images/I/81qvENf9kgL._SY355_.jpg,yoshi
http://vignette1.wikia.nocookie.net/nintendo/images/1/14/Yoshicolors.jpg/revision/latest?cb=20090714174921&path-prefix=en,yoshi
http://vignette4.wikia.nocookie.net/egamia/images/3/39/YoshiMarioParty9.png/revision/latest?cb=20140805202530,yoshi
http://orig07.deviantart.net/1e98/f/2014/197/6/8/yoshi_blink_by_chikosanxd-d7qwb96.gif,yoshi
http://vignette3.wikia.nocookie.net/fantendo/images/5/59/YoshiSSBV_Full.png/revision/latest?cb=20150421175841,yoshi
http://7-themes.com/data_images/out/18/6830290-yoshi.jpg,yoshi
http://www.mariowiki.com/images/thumb/c/c4/TheYoshiFamily.jpg/300px-TheYoshiFamily.jpg,yoshi
http://pre07.deviantart.net/c591/th/pre/i/2014/178/4/3/climbing_the_yoshi_mountain_by_mctaylis-d7o7fap.png,yoshi
http://g02.a.alicdn.com/kf/HTB1sH__HVXXXXbvXVXXq6xXFXXXF/5pcs-lot-Super-Mario-font-b-Yoshi-b-font-with-Apple-font-b-Plush-b-font.jpg,yoshi
http://www.gamestop.com/gs/ravecode/productpageimages/yoshi_new_island/yoshi.jpg,yoshi
http://www.ssbwiki.com/images/6/68/Yoshi_Palette_(PM).png,yoshi
http://vignette2.wikia.nocookie.net/mario/images/8/88/Yoshi_colours.png/revision/latest?cb=20130417003243,yoshi
http://vignette3.wikia.nocookie.net/creepypasta/images/9/94/Yoshi_(Universal-X).png/revision/latest?cb=20140423133413,yoshi
http://images.costumeexpress.com/mgen/merchandiser/super-mario-deluxe-adult-plus-yoshi-costume-cx-808895.jpg?zm=1600,1600,1,0,0,yoshi
http://orig02.deviantart.net/2df6/f/2015/137/1/f/handsome_green_yoshi_x_sexy_pink_yoshi_by_mroncelermuniz-d8louez.jpg,yoshi
http://vignette3.wikia.nocookie.net/sonic/images/0/03/Yoshi_19.png/revision/latest?cb=20091230232929,yoshi
http://ecx.images-amazon.com/images/I/51g%2BJJpxrOL._AC_UL320_SR278,320_.jpg,yoshi
http://vignette2.wikia.nocookie.net/mario/images/e/ee/Paper_yoshi_by_mariobros12smbx-d4vee4g.png/revision/latest?cb=20121216195357&path-prefix=es,yoshi
http://www.mariowiki.com/images/thumb/2/2f/Yellowyoshi.png/250px-Yellowyoshi.png,yoshi
http://vignette4.wikia.nocookie.net/fantendo/images/c/ce/Yoshi_Group_Art_YBA.png/revision/latest?cb=20111220215739,yoshi
http://www.knex.com/_img/products/38028/38028-MK-Yoshi-Polybag-model_72dpi.jpg,yoshi
http://vignette2.wikia.nocookie.net/mariokartwii/images/5/5f/Yoshi_image.png/revision/latest?cb=20090110201203,yoshi
http://images2.fanpop.com/images/photos/5400000/Yoshi-yoshi-5451270-939-1270.jpg,yoshi
http://vignette3.wikia.nocookie.net/nintendo/images/e/e0/MTO_Yoshi.png/revision/latest?cb=20120504071235&path-prefix=en,yoshi
http://vignette2.wikia.nocookie.net/sonic/images/4/4d/Yoshi_-_Mario_Party_10.png/revision/latest?cb=20150609210604,yoshi
http://arcadesushi.com/550/files/2014/12/yoshi-1.jpg?cdnnode=1,yoshi
http://orig05.deviantart.net/9440/f/2011/133/2/a/3d_yoshi_by_thearenddude-d3g91aq.png,yoshi
http://vignette2.wikia.nocookie.net/new-monster/images/4/48/Yoshi.png/revision/latest?cb=20150718231408,yoshi
https://assets.vg247.com/current//2015/08/YWW-amiibo-mega.jpg,yoshi
http://img07.deviantart.net/44d3/i/2015/100/a/9/yoshi_s_professional_deformation_by_ishimaru_chiaki-d8p4yu0.png,yoshi
http://www.easydrawingtutorials.com/images/Yoshi/yoshi-step-last.jpg,yoshi
http://ecx.images-amazon.com/images/I/61HhjWhkJSL._SL1500_.jpg,yoshi
http://yoshieggs.files.wordpress.com/2008/11/yoshi-topsy-turvy5.jpg,yoshi
https://i.ytimg.com/vi/pRcxsXhCCgc/maxresdefault.jpg,yoshi
http://vignette3.wikia.nocookie.net/fantendo/images/5/51/MKPC_Yoshi_Solo.png/revision/latest?cb=20120120015822,yoshi
http://media1.gameinformer.com/filestorage/CommunityServer.Components.SiteFiles/imagefeed/featured/nintendo2015/yoshis-woolly/interview/yoshiinterview_610a.jpg,yoshi
http://ecx.images-amazon.com/images/I/51d9lzRvSKL._SX425_.jpg,yoshi
http://vignette2.wikia.nocookie.net/fantendo/images/d/d4/Black_Yoshi_YBA.png/revision/latest?cb=20111220181735,yoshi
http://images2.fanpop.com/images/answers/0/727_1236509893420_328_300.jpg,yoshi
http://pre02.deviantart.net/b27d/th/pre/i/2014/161/1/7/cute_yoshi_by_phation-d7lt2jd.png,yoshi
http://o.aolcdn.com/hss/storage/midas/c1dff4967d8d9f2f5bd0549627b358fd/202521081/megayarnyoshi.jpg,yoshi
http://vignette4.wikia.nocookie.net/fantendo/images/4/4a/Lime_Green_Baby_Yoshi.png/revision/latest?cb=20130723193826,yoshi
http://vignette2.wikia.nocookie.net/fantendo/images/3/34/Yoshi_NSMBW.png/revision/latest?cb=20091120191331,yoshi
http://media.nintendo.com/nintendo/bin/EZiPiuUATQS-HPGfTZcbmTwfEAOD9q4v/wjBdnmTDu8jFCWKvVArrmwEuai8jnRzG.png,yoshi
https://pbs.twimg.com/profile_images/1274175182/Yoshi.png,yoshi
http://vignette4.wikia.nocookie.net/sonic/images/2/27/Yoshi_54.jpg/revision/latest?cb=20090611044740,yoshi
http://vignette1.wikia.nocookie.net/yoshi/images/8/80/Cyan_Yoshi_Artwork_1_-_Yoshi's_Island_DS.png/revision/latest?cb=20120630183239,yoshi
http://img13.deviantart.net/756e/i/2010/060/0/e/yoshi___shop_sketchy_by_pencil_x_paper.jpg,yoshi
http://img15.deviantart.net/c7ce/i/2015/112/0/2/yoshi_by_loveless_ryko-d5yaf3d.jpg,yoshi
http://orig05.deviantart.net/4f1d/f/2015/089/6/a/yoshi_by_banjo2015-d8nrgpw.png,yoshi
https://cdn2.vox-cdn.com/thumbor/IY5Rs4bg0riRyUzb3hA4gpsWI6Q=/cdn0.vox-cdn.com/uploads/chorus_asset/file/3566306/amiibo_YoshisWoollyWorld_05.0.jpg,yoshi
http://pre14.deviantart.net/9173/th/pre/i/2014/190/3/5/hey__it_s_yoshi_and_toad_by_nintendrawer-d7pxkms.png,yoshi
http://www.smashbros.com/wii/en_us/characters/images/yoshi/yoshi_070724b-l.jpg,yoshi
http://static.giantbomb.com/uploads/original/0/3830/2111420-yoshi_mp9.png,yoshi
http://img09.deviantart.net/3368/i/2012/221/4/c/yoshi_vector_by_internationaltck-d5aidkg.png,yoshi
http://orig07.deviantart.net/ef42/f/2015/232/6/a/yarn_yoshi_by_cortoony-d96gfv9.png,yoshi
http://www.mariowiki.com/images/thumb/5/59/Yoshikid.jpg/200px-Yoshikid.jpg,yoshi
http://i.imgur.com/nkJikKR.png,yoshi
http://images5.fanpop.com/image/photos/28000000/yoshi-walking-yoshi-28065250-556-413.png,yoshi
http://images.techtimes.com/data/images/full/87805/yoshi-amiibo.jpg,yoshi
http://media.nintendo.com/nintendo/bin/FYw9z218shZLlUfICX_0FsFAAJZQiA00/eWBGRmLjPAJ20ks39Jsk57kJXuQJNLg7.png,yoshi
http://img00.deviantart.net/3990/i/2013/071/d/d/yoshi_eats_mario_by_footballlover-d5xrw5w.jpg,yoshi
http://vignette4.wikia.nocookie.net/egamia/images/6/6f/Yoshi_render.PNG/revision/latest?cb=20061003094957,yoshi
http://vignette2.wikia.nocookie.net/nintendo/images/3/34/Yoshi_NSMBW.png/revision/latest?cb=20091125195107&path-prefix=en,yoshi
http://orig00.deviantart.net/25ac/f/2013/135/e/6/yoshi_by_jag_comics-d65do2x.png,yoshi
http://vignette4.wikia.nocookie.net/fantendo/images/8/8b/Pink_Yoshi_YBA.png/revision/latest?cb=20111220164032,yoshi
http://www.yoshiart.com/images/layout/ssbm-yoshi-lg.png,yoshi
http://vignette1.wikia.nocookie.net/maafanficuniverse/images/8/89/Yellow-yoshi-yoshi-29007747-501-1000.png/revision/latest?cb=20150224231409,yoshi
